TIME,Actual,Pred_LSTM
2026-02-10 17:00:00,17.99000000000001,-5.898849
2026-02-10 18:00:00,0.060000000000000005,-4.8238425
2026-02-10 19:00:00,0.0,0.97256494
2026-02-10 20:00:00,0.0,0.7378376
2026-02-10 21:00:00,0.0,0.6659538
2026-02-10 22:00:00,0.0,0.658785
2026-02-10 23:00:00,0.0,0.66108257
2026-02-11 00:00:00,0.0,0.6576101
2026-02-11 01:00:00,0.0,0.6538048
2026-02-11 02:00:00,0.0,0.64767647
2026-02-11 03:00:00,0.0,0.6335284
2026-02-11 04:00:00,0.0,0.6272299
2026-02-11 05:00:00,0.0,0.65826994
2026-02-11 06:00:00,0.0,0.6717492
2026-02-11 07:00:00,3.5500000000000007,0.6426305
2026-02-11 08:00:00,29.430000000000014,24.177359
2026-02-11 09:00:00,31.199999999999996,198.54576
2026-02-11 10:00:00,142.64000000000007,498.23434
2026-02-11 11:00:00,227.45,728.1463
2026-02-11 12:00:00,487.84,904.4398
2026-02-11 13:00:00,417.36,971.4242
2026-02-11 14:00:00,314.6700000000001,953.66345
2026-02-11 15:00:00,329.93,665.4562
2026-02-11 16:00:00,235.64000000000007,291.20782
2026-02-11 17:00:00,64.40999999999998,45.706448
2026-02-11 18:00:00,1.4,-13.041555
2026-02-11 19:00:00,0.0,1.0873586
2026-02-11 20:00:00,0.0,0.8166618
2026-02-11 21:00:00,0.0,0.8276165
2026-02-11 22:00:00,0.0,0.87161475
2026-02-11 23:00:00,0.0,0.92120683
2026-02-12 00:00:00,0.0,0.9673264
2026-02-12 01:00:00,0.0,1.0148941
2026-02-12 02:00:00,0.0,1.0494529
2026-02-12 03:00:00,0.0,1.0613034
2026-02-12 04:00:00,0.0,1.0529119
2026-02-12 05:00:00,0.0,1.0299006
2026-02-12 06:00:00,0.0,1.0194699
2026-02-12 07:00:00,6.530000000000001,0.9889553
2026-02-12 08:00:00,69.56000000000002,35.36195
2026-02-12 09:00:00,201.05,224.78905
2026-02-12 10:00:00,434.89999999999986,509.00952
2026-02-12 11:00:00,601.58,791.60754
2026-02-12 12:00:00,656.61,1006.8667
2026-02-12 13:00:00,652.9999999999999,1099.9136
2026-02-12 14:00:00,588.28,1009.058
2026-02-12 15:00:00,446.86,740.24567
2026-02-12 16:00:00,242.34,398.62927
2026-02-12 17:00:00,59.95999999999998,63.80165
2026-02-12 18:00:00,1.12,-18.582516
2026-02-12 19:00:00,0.0,1.4126487
2026-02-12 20:00:00,0.0,0.5745566
2026-02-12 21:00:00,0.0,0.7226072
2026-02-12 22:00:00,0.0,0.8615139
2026-02-12 23:00:00,0.0,0.9800712
2026-02-13 00:00:00,0.0,1.0665703
2026-02-13 01:00:00,0.0,1.1213903
2026-02-13 02:00:00,0.0,1.1405395
2026-02-13 03:00:00,0.0,1.1153158
2026-02-13 04:00:00,0.0,1.0706145
2026-02-13 05:00:00,0.0,1.0093137
2026-02-13 06:00:00,0.0,0.9544272
2026-02-13 07:00:00,9.14,0.96043825
2026-02-13 08:00:00,94.47000000000004,29.202635
2026-02-13 09:00:00,239.33,208.5289
2026-02-13 10:00:00,437.81000000000006,488.43777
2026-02-13 11:00:00,549.0199999999999,749.85986
2026-02-13 12:00:00,575.86,955.64734
2026-02-13 13:00:00,575.85,998.85443
2026-02-13 14:00:00,496.79,853.4083
2026-02-13 15:00:00,371.8,572.0243
2026-02-13 16:00:00,195.33,254.69824
2026-02-13 17:00:00,53.80999999999998,-20.951439
2026-02-13 18:00:00,1.11,-21.052132
2026-02-13 19:00:00,0.0,1.107817
2026-02-13 20:00:00,0.0,0.7353176
2026-02-13 21:00:00,0.0,0.78384376
2026-02-13 22:00:00,0.0,0.8487289
2026-02-13 23:00:00,0.0,0.9020681
2026-02-14 00:00:00,0.0,0.92708576
2026-02-14 01:00:00,0.0,0.9369194
2026-02-14 02:00:00,0.0,0.92222494
2026-02-14 03:00:00,0.0,0.883731
2026-02-14 04:00:00,0.0,0.8365007
2026-02-14 05:00:00,0.0,0.8119756
2026-02-14 06:00:00,0.0,0.76603365
2026-02-14 07:00:00,4.060000000000001,0.7420341
2026-02-14 08:00:00,92.41,24.095087
2026-02-14 09:00:00,180.94,178.9657
2026-02-14 10:00:00,285.76,435.16507
2026-02-14 11:00:00,419.05,686.3425
2026-02-14 12:00:00,448.84,854.5283
2026-02-14 13:00:00,245.28000000000003,894.0223
2026-02-14 14:00:00,188.88,755.49915
2026-02-14 15:00:00,228.74000000000004,423.60815
2026-02-14 16:00:00,88.57999999999996,132.74985
2026-02-14 17:00:00,22.17,-12.6564245
2026-02-14 18:00:00,0.91,-9.971802
2026-02-14 19:00:00,0.0,1.1093637
2026-02-14 20:00:00,0.0,0.8792135
2026-02-14 21:00:00,0.0,0.767534
2026-02-14 22:00:00,0.0,0.7335411
2026-02-14 23:00:00,0.0,0.73462343
2026-02-15 00:00:00,0.0,0.7500195
2026-02-15 01:00:00,0.0,0.76815355
2026-02-15 02:00:00,0.0,0.76825804
2026-02-15 03:00:00,0.0,0.7404949
2026-02-15 04:00:00,0.0,0.7340561
2026-02-15 05:00:00,0.0,0.6954875
2026-02-15 06:00:00,0.0,0.65314937
2026-02-15 07:00:00,3.620000000000001,1.2528656
2026-02-15 08:00:00,33.870000000000005,30.65555
2026-02-15 09:00:00,89.88,231.13683
2026-02-15 10:00:00,169.04000000000002,528.0469
2026-02-15 11:00:00,205.04000000000002,788.19135
2026-02-15 12:00:00,128.79000000000002,963.8535
2026-02-15 13:00:00,277.15000000000003,1004.33795
2026-02-15 14:00:00,349.63000000000005,856.04565
2026-02-15 15:00:00,392.11,662.84875
2026-02-15 16:00:00,230.72,422.16162
2026-02-15 17:00:00,54.06999999999999,151.62456
2026-02-15 18:00:00,1.2000000000000002,-5.9531064
2026-02-15 19:00:00,0.0,0.67605317
2026-02-15 20:00:00,0.0,0.71819276
2026-02-15 21:00:00,0.0,0.8284406
2026-02-15 22:00:00,0.0,0.92914295
2026-02-15 23:00:00,0.0,0.99074227
2026-02-16 00:00:00,0.0,1.0486482
2026-02-16 01:00:00,0.0,1.1072991
2026-02-16 02:00:00,0.0,1.128289
2026-02-16 03:00:00,0.0,1.1287682
2026-02-16 04:00:00,0.0,1.1130556
2026-02-16 05:00:00,0.0,1.0653356
2026-02-16 06:00:00,0.0,1.0369604
2026-02-16 07:00:00,10.340000000000003,1.5393564
2026-02-16 08:00:00,89.36000000000003,58.05169
2026-02-16 09:00:00,266.6,306.77893
2026-02-16 10:00:00,423.2,606.8362
2026-02-16 11:00:00,485.85,932.6661
2026-02-16 12:00:00,584.75,1177.3922
2026-02-16 13:00:00,673.1600000000001,1205.2719
2026-02-16 14:00:00,615.54,1054.9448
2026-02-16 15:00:00,494.2200000000001,774.3831
2026-02-16 16:00:00,256.52000000000004,400.57504
2026-02-16 17:00:00,73.58999999999999,38.9717
2026-02-16 18:00:00,2.16,-54.68684
2026-02-16 19:00:00,0.0,1.9392658
2026-02-16 20:00:00,0.0,1.1083575
2026-02-16 21:00:00,0.0,1.1249211
2026-02-16 22:00:00,0.0,1.1698403
2026-02-16 23:00:00,0.0,1.1937817
2026-02-17 00:00:00,0.0,1.1953208
2026-02-17 01:00:00,0.0,1.200952
2026-02-17 02:00:00,0.0,1.1996801
2026-02-17 03:00:00,0.0,1.1917275
2026-02-17 04:00:00,0.0,1.1787887
2026-02-17 05:00:00,0.0,1.1770092
2026-02-17 06:00:00,0.0,1.1753573
2026-02-17 07:00:00,12.720000000000006,3.4606657
2026-02-17 08:00:00,129.25000000000003,74.79863
2026-02-17 09:00:00,350.3,361.89774
2026-02-17 10:00:00,555.58,690.9799
2026-02-17 11:00:00,687.79,974.7156
2026-02-17 12:00:00,760.5300000000002,1239.5822
2026-02-17 13:00:00,768.0799999999999,1320.5186
2026-02-17 14:00:00,695.54,1162.7496
2026-02-17 15:00:00,564.7,833.1648
2026-02-17 16:00:00,332.25999999999993,448.31973
2026-02-17 17:00:00,85.57999999999998,95.18722
2026-02-17 18:00:00,2.5,-41.948666
2026-02-17 19:00:00,0.0,1.9076078
2026-02-17 20:00:00,0.0,0.83078444
2026-02-17 21:00:00,0.0,0.9465948
2026-02-17 22:00:00,0.0,1.0310531
2026-02-17 23:00:00,0.0,1.0761755
2026-02-18 00:00:00,0.0,1.1013067
2026-02-18 01:00:00,0.0,1.1351517
2026-02-18 02:00:00,0.0,1.1692387
2026-02-18 03:00:00,0.0,1.1715109
2026-02-18 04:00:00,0.0,1.1414831
2026-02-18 05:00:00,0.0,1.0935175
2026-02-18 06:00:00,0.0,1.0289922
2026-02-18 07:00:00,13.020000000000007,0.97493935
2026-02-18 08:00:00,103.64,53.782944
2026-02-18 09:00:00,288.91,304.4249
2026-02-18 10:00:00,507.2999999999999,629.17114
2026-02-18 11:00:00,643.85,937.9595
2026-02-18 12:00:00,736.3599999999999,1181.873
2026-02-18 13:00:00,730.7600000000001,1262.474
2026-02-18 14:00:00,670.23,1162.2167
2026-02-18 15:00:00,565.2600000000001,853.45
2026-02-18 16:00:00,343.8,470.58206
2026-02-18 17:00:00,92.43000000000004,102.338646
2026-02-18 18:00:00,3.22,-39.52154
2026-02-18 19:00:00,0.0,1.5763253
2026-02-18 20:00:00,0.0,0.85928506
2026-02-18 21:00:00,0.0,1.0327594
2026-02-18 22:00:00,0.0,1.1590662
2026-02-18 23:00:00,0.0,1.2432289
2026-02-19 00:00:00,0.0,1.298594
2026-02-19 01:00:00,0.0,1.3385092
2026-02-19 02:00:00,0.0,1.3544785
2026-02-19 03:00:00,0.0,1.3445464
2026-02-19 04:00:00,0.0,1.32198
2026-02-19 05:00:00,0.0,1.2792358
2026-02-19 06:00:00,0.0,1.2369282
2026-02-19 07:00:00,14.120000000000005,1.3715549
2026-02-19 08:00:00,135.14,60.971386
2026-02-19 09:00:00,358.5,312.30923
2026-02-19 10:00:00,567.1300000000001,638.3998
2026-02-19 11:00:00,663.2500000000001,929.93134
2026-02-19 12:00:00,769.1700000000003,1168.126
2026-02-19 13:00:00,764.3699999999999,1229.219
2026-02-19 14:00:00,686.5400000000001,1131.8243
2026-02-19 15:00:00,558.1600000000001,855.27637
2026-02-19 16:00:00,334.47,487.45197
2026-02-19 17:00:00,92.13,119.98105
2026-02-19 18:00:00,3.3200000000000007,-48.68624
2026-02-19 19:00:00,0.0,2.473531
2026-02-19 20:00:00,0.0,1.168155
2026-02-19 21:00:00,0.0,0.8953113
2026-02-19 22:00:00,0.0,1.0139984
2026-02-19 23:00:00,0.0,1.1220204
2026-02-20 00:00:00,0.0,1.2086897
2026-02-20 01:00:00,0.0,1.2651937
2026-02-20 02:00:00,0.0,1.2728105
2026-02-20 03:00:00,0.0,1.2428304
2026-02-20 04:00:00,0.0,1.2007431
2026-02-20 05:00:00,0.0,1.1630448
2026-02-20 06:00:00,0.0,1.1355003
2026-02-20 07:00:00,14.420000000000009,1.1075163
2026-02-20 08:00:00,117.15000000000002,44.662804
2026-02-20 09:00:00,311.87,249.16997
2026-02-20 10:00:00,512.03,559.8977
2026-02-20 11:00:00,630.9700000000001,865.86536
2026-02-20 12:00:00,686.02,1064.027
2026-02-20 13:00:00,696.1799999999998,1118.7102
2026-02-20 14:00:00,634.27,999.59875
2026-02-20 15:00:00,505.03,749.9433
2026-02-20 16:00:00,291.64000000000004,416.8626
2026-02-20 17:00:00,81.32,77.49784
2026-02-20 18:00:00,3.7900000000000023,-28.048172
2026-02-20 19:00:00,0.0,1.3900076
2026-02-20 20:00:00,0.0,0.49981096
2026-02-20 21:00:00,0.0,0.6808229
2026-02-20 22:00:00,0.0,0.8461626
2026-02-20 23:00:00,0.0,0.98260456
2026-02-21 00:00:00,0.0,1.086863
2026-02-21 01:00:00,0.0,1.1492251
2026-02-21 02:00:00,0.0,1.1693954
2026-02-21 03:00:00,0.0,1.1341949
2026-02-21 04:00:00,0.0,1.069132
2026-02-21 05:00:00,0.0,0.9946372
2026-02-21 06:00:00,0.0,0.9315711
2026-02-21 07:00:00,17.690000000000005,0.9075544
2026-02-21 08:00:00,120.78,37.406982
2026-02-21 09:00:00,300.77,230.39543
2026-02-21 10:00:00,495.88,526.104
2026-02-21 11:00:00,630.73,824.5924
2026-02-21 12:00:00,705.2899999999998,1037.7897
2026-02-21 13:00:00,705.7499999999999,1110.3694
2026-02-21 14:00:00,628.3000000000001,983.2662
2026-02-21 15:00:00,501.5799999999999,722.18604
2026-02-21 16:00:00,296.2,382.82483
2026-02-21 17:00:00,85.37000000000005,18.132814
2026-02-21 18:00:00,4.010000000000001,-27.742453
2026-02-21 19:00:00,0.0,0.81041855
2026-02-21 20:00:00,0.0,0.42906627
2026-02-21 21:00:00,0.0,0.64861697
2026-02-21 22:00:00,0.0,0.838422
2026-02-21 23:00:00,0.0,0.9797397
2026-02-22 00:00:00,0.0,1.0700995
2026-02-22 01:00:00,0.0,1.121792
2026-02-22 02:00:00,0.0,1.1256794
2026-02-22 03:00:00,0.0,1.0714415
2026-02-22 04:00:00,0.0,0.9783021
2026-02-22 05:00:00,0.0,0.83432406
2026-02-22 06:00:00,0.0,0.71169424
2026-02-22 07:00:00,28.80000000000001,0.6542481
2026-02-22 08:00:00,71.05,20.895466
2026-02-22 09:00:00,47.62,194.09033
2026-02-22 10:00:00,156.23999999999998,449.99744
2026-02-22 11:00:00,381.8500000000001,643.87335
2026-02-22 12:00:00,494.62,788.6132
2026-02-22 13:00:00,492.74000000000007,942.90454
2026-02-22 14:00:00,439.99000000000007,1018.60767
2026-02-22 15:00:00,404.65,792.4091
2026-02-22 16:00:00,290.91,422.97943
2026-02-22 17:00:00,97.38,125.323685
2026-02-22 18:00:00,5.150000000000002,-38.014736
2026-02-22 19:00:00,0.0,0.9069154
2026-02-22 20:00:00,0.0,0.7992264
2026-02-22 21:00:00,0.0,0.91529053
2026-02-22 22:00:00,0.0,1.0466716
2026-02-22 23:00:00,0.0,1.1789484
2026-02-23 00:00:00,0.0,1.282877
2026-02-23 01:00:00,0.0,1.3422742
2026-02-23 02:00:00,0.0,1.3635179
2026-02-23 03:00:00,0.0,1.3584301
2026-02-23 04:00:00,0.0,1.3489668
2026-02-23 05:00:00,0.0,1.3166325
2026-02-23 06:00:00,0.0,1.3011215
2026-02-23 07:00:00,21.11000000000001,2.5023086
2026-02-23 08:00:00,143.4,85.11898
2026-02-23 09:00:00,342.49000000000007,383.2007
2026-02-23 10:00:00,541.23,741.2403
2026-02-23 11:00:00,674.3499999999999,1060.1309
2026-02-23 12:00:00,662.24,1286.6138
2026-02-23 13:00:00,502.67,1327.7987
2026-02-23 14:00:00,290.57000000000005,1134.963
2026-02-23 15:00:00,223.94000000000003,745.35156
2026-02-23 16:00:00,138.54999999999998,317.19363
2026-02-23 17:00:00,61.75,-23.194746
2026-02-23 18:00:00,4.510000000000002,-51.946266
2026-02-23 19:00:00,0.0,0.68395203
2026-02-23 20:00:00,0.0,1.2471478
2026-02-23 21:00:00,0.0,1.2108707
2026-02-23 22:00:00,0.0,1.2379785
2026-02-23 23:00:00,0.0,1.2868823
2026-02-24 00:00:00,0.0,1.3308761
2026-02-24 01:00:00,0.0,1.3633217
